object_id;shape_length;shape_area;geometry;grid_id;keyword;min_x;min_y;max_x;max_y
3690;0.366471;0.008394;Polygon;DZ-136;Wisata;106.744899;-6.380918;106.836517;-6.289301
3691;0.366471;0.008394;Polygon;EA-136;Wisata;106.836517;-6.380918;106.928135;-6.289301
